{"entities":{"pages":{"Home-page":{"id":"Home-page","title":"《 互联网概念 》","url":"home-page.html","level":0,"tabIndex":0},"4a6e78ad_264042":{"id":"4a6e78ad_264042","title":"数据库","level":0,"pages":["Database-concept","oracle","mysql","sql-tutorial","Database-optimization","Database-lock","mongodb","redis","redis-apply","student-question"],"tabIndex":1},"Database-concept":{"id":"Database-concept","title":"数据库概念","url":"database-concept.html","level":1,"parentId":"4a6e78ad_264042","tabIndex":0},"oracle":{"id":"oracle","title":"oracle","url":"oracle.html","level":1,"parentId":"4a6e78ad_264042","tabIndex":1},"mysql":{"id":"mysql","title":"mysql","url":"mysql.html","level":1,"parentId":"4a6e78ad_264042","tabIndex":2},"sql-tutorial":{"id":"sql-tutorial","title":"sql通用教程","url":"sql-tutorial.html","level":1,"parentId":"4a6e78ad_264042","tabIndex":3},"Database-optimization":{"id":"Database-optimization","title":"数据库优化","url":"database-optimization.html","level":1,"parentId":"4a6e78ad_264042","tabIndex":4},"Database-lock":{"id":"Database-lock","title":"数据库锁","url":"database-lock.html","level":1,"parentId":"4a6e78ad_264042","tabIndex":5},"mongodb":{"id":"mongodb","title":"mongodb","url":"mongodb.html","level":1,"parentId":"4a6e78ad_264042","tabIndex":6},"redis":{"id":"redis","title":"redis","url":"redis.html","level":1,"parentId":"4a6e78ad_264042","tabIndex":7},"redis-apply":{"id":"redis-apply","title":"redis应用","url":"redis-apply.html","level":1,"parentId":"4a6e78ad_264042","tabIndex":8},"student-question":{"id":"student-question","title":"学生问题","url":"student-question.html","level":1,"parentId":"4a6e78ad_264042","tabIndex":9},"4a6e78ad_264053":{"id":"4a6e78ad_264053","title":"Java","level":0,"pages":["oop","java-overview","jvm","java-variables","java-character","java-datatype","java-keywords","java-string","java-collection","map","java-object","java-class","java-interface","java-method","java-io"],"tabIndex":2},"oop":{"id":"oop","title":"面向对象编程","url":"oop.html","level":1,"parentId":"4a6e78ad_264053","tabIndex":0},"java-overview":{"id":"java-overview","title":"java概述","url":"java-overview.html","level":1,"parentId":"4a6e78ad_264053","tabIndex":1},"jvm":{"id":"jvm","title":"jvm","url":"jvm.html","level":1,"parentId":"4a6e78ad_264053","tabIndex":2},"java-variables":{"id":"java-variables","title":"java变量","url":"java-variables.html","level":1,"parentId":"4a6e78ad_264053","tabIndex":3},"java-character":{"id":"java-character","title":"jdk新特性","url":"java-character.html","level":1,"parentId":"4a6e78ad_264053","tabIndex":4},"java-datatype":{"id":"java-datatype","title":"java数据类型","url":"java-datatype.html","level":1,"parentId":"4a6e78ad_264053","tabIndex":5},"java-keywords":{"id":"java-keywords","title":"java关键字","url":"java-keywords.html","level":1,"parentId":"4a6e78ad_264053","tabIndex":6},"java-string":{"id":"java-string","title":"java字符串","url":"java-string.html","level":1,"parentId":"4a6e78ad_264053","tabIndex":7},"java-collection":{"id":"java-collection","title":"java集合类","url":"java-collection.html","level":1,"parentId":"4a6e78ad_264053","tabIndex":8},"map":{"id":"map","title":"map集合","url":"map.html","level":1,"parentId":"4a6e78ad_264053","tabIndex":9},"java-object":{"id":"java-object","title":"java对象","url":"java-object.html","level":1,"parentId":"4a6e78ad_264053","tabIndex":10},"java-class":{"id":"java-class","title":"java类","url":"java-class.html","level":1,"parentId":"4a6e78ad_264053","tabIndex":11},"java-interface":{"id":"java-interface","title":"java接口","url":"java-interface.html","level":1,"parentId":"4a6e78ad_264053","tabIndex":12},"java-method":{"id":"java-method","title":"java方法","url":"java-method.html","level":1,"parentId":"4a6e78ad_264053","tabIndex":13},"java-io":{"id":"java-io","title":"io流","url":"java-io.html","level":1,"parentId":"4a6e78ad_264053","tabIndex":14},"4a6e78ad_264069":{"id":"4a6e78ad_264069","title":"Java框架","level":0,"pages":["spring","SpringIOC","SpringBean","ch26","SpringBoot","springMVC","SpringAOP","SpringModule","spring-setting","SpringAnnotation","SpringTransaction","jsp","struts","solr","junit","net","data-handle","log"],"tabIndex":3},"spring":{"id":"spring","title":"Spring","url":"spring.html","level":1,"parentId":"4a6e78ad_264069","tabIndex":0},"SpringIOC":{"id":"SpringIOC","title":"SpringIOC","url":"springioc.html","level":1,"parentId":"4a6e78ad_264069","tabIndex":1},"SpringBean":{"id":"SpringBean","title":"SpringBean","url":"springbean.html","level":1,"parentId":"4a6e78ad_264069","tabIndex":2},"ch26":{"id":"ch26","title":"spring 注入/装配","url":"ch26.html","level":1,"parentId":"4a6e78ad_264069","tabIndex":3},"SpringBoot":{"id":"SpringBoot","title":"SpringBoot","url":"springboot.html","level":1,"parentId":"4a6e78ad_264069","tabIndex":4},"springMVC":{"id":"springMVC","title":"springMVC","url":"springmvc.html","level":1,"parentId":"4a6e78ad_264069","tabIndex":5},"SpringAOP":{"id":"SpringAOP","title":"SpringAOP","url":"springaop.html","level":1,"parentId":"4a6e78ad_264069","tabIndex":6},"SpringModule":{"id":"SpringModule","title":"spring模块","url":"springmodule.html","level":1,"parentId":"4a6e78ad_264069","tabIndex":7},"spring-setting":{"id":"spring-setting","title":"spring 配置","url":"spring-setting.html","level":1,"parentId":"4a6e78ad_264069","tabIndex":8},"SpringAnnotation":{"id":"SpringAnnotation","title":"spring注解","url":"springannotation.html","level":1,"parentId":"4a6e78ad_264069","tabIndex":9},"SpringTransaction":{"id":"SpringTransaction","title":"Spring事务","url":"springtransaction.html","level":1,"parentId":"4a6e78ad_264069","tabIndex":10},"jsp":{"id":"jsp","title":"jsp","url":"jsp.html","level":1,"parentId":"4a6e78ad_264069","tabIndex":11},"struts":{"id":"struts","title":"struts","url":"struts.html","level":1,"parentId":"4a6e78ad_264069","tabIndex":12},"solr":{"id":"solr","title":"solr","url":"solr.html","level":1,"parentId":"4a6e78ad_264069","tabIndex":13},"junit":{"id":"junit","title":"junit","url":"junit.html","level":1,"parentId":"4a6e78ad_264069","tabIndex":14},"net":{"id":"net","title":"网络","url":"net.html","level":1,"parentId":"4a6e78ad_264069","tabIndex":15},"data-handle":{"id":"data-handle","title":"数据处理","url":"data-handle.html","level":1,"parentId":"4a6e78ad_264069","tabIndex":16},"log":{"id":"log","title":"日志","url":"log.html","level":1,"parentId":"4a6e78ad_264069","tabIndex":17},"4a6e78ad_264088":{"id":"4a6e78ad_264088","title":"java分布式","level":0,"pages":["springCloud","dubbo","zookeeper","nacos","SpringCloudGateway"],"tabIndex":4},"springCloud":{"id":"springCloud","title":"springCloud","url":"springcloud.html","level":1,"parentId":"4a6e78ad_264088","tabIndex":0},"dubbo":{"id":"dubbo","title":"dubbo","url":"dubbo.html","level":1,"parentId":"4a6e78ad_264088","tabIndex":1},"zookeeper":{"id":"zookeeper","title":"zookeeper","url":"zookeeper.html","level":1,"parentId":"4a6e78ad_264088","tabIndex":2},"nacos":{"id":"nacos","title":"nacos","url":"nacos.html","level":1,"parentId":"4a6e78ad_264088","tabIndex":3},"SpringCloudGateway":{"id":"SpringCloudGateway","title":"网关","url":"springcloudgateway.html","level":1,"parentId":"4a6e78ad_264088","tabIndex":4},"4a6e78ad_264094":{"id":"4a6e78ad_264094","title":"ORM","level":0,"pages":["Orm-Jdbc","mybatis","Mybatis-cache","hibernate"],"tabIndex":5},"Orm-Jdbc":{"id":"Orm-Jdbc","title":"orm和jdbc","url":"orm-jdbc.html","level":1,"parentId":"4a6e78ad_264094","tabIndex":0},"mybatis":{"id":"mybatis","title":"mybatis","url":"mybatis.html","level":1,"parentId":"4a6e78ad_264094","tabIndex":1},"Mybatis-cache":{"id":"Mybatis-cache","title":"mybatis缓冲","url":"mybatis-cache.html","level":1,"parentId":"4a6e78ad_264094","tabIndex":2},"hibernate":{"id":"hibernate","title":"hibernate","url":"hibernate.html","level":1,"parentId":"4a6e78ad_264094","tabIndex":3},"4a6e78ad_264099":{"id":"4a6e78ad_264099","title":"并发","level":0,"pages":["ch121","ch125","ch124","ch120","processAndThread","ch127","java-lock","ch126"],"tabIndex":6},"ch121":{"id":"ch121","title":"线程池","url":"ch121.html","level":1,"parentId":"4a6e78ad_264099","tabIndex":0},"ch125":{"id":"ch125","title":"JVM优化","url":"ch125.html","level":1,"parentId":"4a6e78ad_264099","tabIndex":1},"ch124":{"id":"ch124","title":"GC","url":"ch124.html","level":1,"parentId":"4a6e78ad_264099","tabIndex":2},"ch120":{"id":"ch120","title":"并发和并行","url":"ch120.html","level":1,"parentId":"4a6e78ad_264099","tabIndex":3},"processAndThread":{"id":"processAndThread","title":"进程和线程","url":"processandthread.html","level":1,"parentId":"4a6e78ad_264099","tabIndex":4},"ch127":{"id":"ch127","title":"poi","url":"ch127.html","level":1,"parentId":"4a6e78ad_264099","tabIndex":5},"java-lock":{"id":"java-lock","title":"java锁","url":"java-lock.html","level":1,"parentId":"4a6e78ad_264099","tabIndex":6},"ch126":{"id":"ch126","title":"分布式锁","url":"ch126.html","level":1,"parentId":"4a6e78ad_264099","tabIndex":7},"4a6e78ad_264108":{"id":"4a6e78ad_264108","title":"其他","level":0,"pages":["ch150","regex","rpc","authorization"],"tabIndex":7},"ch150":{"id":"ch150","title":"综合","url":"ch150.html","level":1,"parentId":"4a6e78ad_264108","tabIndex":0},"regex":{"id":"regex","title":"正则","url":"regex.html","level":1,"parentId":"4a6e78ad_264108","tabIndex":1},"rpc":{"id":"rpc","title":"rpc","url":"rpc.html","level":1,"parentId":"4a6e78ad_264108","tabIndex":2},"authorization":{"id":"authorization","title":"权限","url":"authorization.html","level":1,"parentId":"4a6e78ad_264108","tabIndex":3},"4a6e78ad_264113":{"id":"4a6e78ad_264113","title":"设计模式","level":0,"pages":["FactoryPattern","ProxyPattern","SingletonPattern"],"tabIndex":8},"FactoryPattern":{"id":"FactoryPattern","title":"工厂模式","url":"factorypattern.html","level":1,"parentId":"4a6e78ad_264113","tabIndex":0},"ProxyPattern":{"id":"ProxyPattern","title":"代理模式","url":"proxypattern.html","level":1,"parentId":"4a6e78ad_264113","tabIndex":1},"SingletonPattern":{"id":"SingletonPattern","title":"单例模式","url":"singletonpattern.html","level":1,"parentId":"4a6e78ad_264113","tabIndex":2},"4a6e78ad_264117":{"id":"4a6e78ad_264117","title":"算法","level":0,"pages":["data-structure","Compose","Sort","Algebra","Set","AbsoluteValue","arrange"],"tabIndex":9},"data-structure":{"id":"data-structure","title":"数据结构","url":"data-structure.html","level":1,"parentId":"4a6e78ad_264117","tabIndex":0},"Compose":{"id":"Compose","title":"组合","url":"compose.html","level":1,"parentId":"4a6e78ad_264117","tabIndex":1},"Sort":{"id":"Sort","title":"排序","url":"sort.html","level":1,"parentId":"4a6e78ad_264117","tabIndex":2},"Algebra":{"id":"Algebra","title":"代数","url":"algebra.html","level":1,"parentId":"4a6e78ad_264117","tabIndex":3},"Set":{"id":"Set","title":"集合","url":"set.html","level":1,"parentId":"4a6e78ad_264117","tabIndex":4},"AbsoluteValue":{"id":"AbsoluteValue","title":"绝对值","url":"absolutevalue.html","level":1,"parentId":"4a6e78ad_264117","tabIndex":5},"arrange":{"id":"arrange","title":"排列","url":"arrange.html","level":1,"parentId":"4a6e78ad_264117","tabIndex":6},"4a6e78ad_264125":{"id":"4a6e78ad_264125","title":"代码","level":0,"pages":["java-code","guoxiu-code"],"tabIndex":10},"java-code":{"id":"java-code","title":"java代码","url":"java-code.html","level":1,"parentId":"4a6e78ad_264125","tabIndex":0},"guoxiu-code":{"id":"guoxiu-code","title":"郭秀代码","url":"guoxiu-code.html","level":1,"parentId":"4a6e78ad_264125","tabIndex":1},"4a6e78ad_264128":{"id":"4a6e78ad_264128","title":"Python","level":0,"pages":["Python"],"tabIndex":11},"Python":{"id":"Python","title":"Python","url":"python.html","level":1,"parentId":"4a6e78ad_264128","tabIndex":0},"4a6e78ad_264130":{"id":"4a6e78ad_264130","title":"前端","level":0,"pages":["Html","bootstrap","ch52","javaScript","jquery","ch54"],"tabIndex":12},"Html":{"id":"Html","title":"Html","url":"html.html","level":1,"parentId":"4a6e78ad_264130","tabIndex":0},"bootstrap":{"id":"bootstrap","title":"bootstrap","url":"bootstrap.html","level":1,"parentId":"4a6e78ad_264130","tabIndex":1},"ch52":{"id":"ch52","title":"easyui","url":"ch52.html","level":1,"parentId":"4a6e78ad_264130","tabIndex":2},"javaScript":{"id":"javaScript","title":"JavaScript","url":"javascript.html","level":1,"parentId":"4a6e78ad_264130","tabIndex":3},"jquery":{"id":"jquery","title":"jquery","url":"jquery.html","level":1,"parentId":"4a6e78ad_264130","tabIndex":4},"ch54":{"id":"ch54","title":"ajax","url":"ch54.html","level":1,"parentId":"4a6e78ad_264130","tabIndex":5},"4a6e78ad_264137":{"id":"4a6e78ad_264137","title":"运维","level":0,"pages":["linux","mac-install","docker-install","node","mongodb-install"],"tabIndex":13},"linux":{"id":"linux","title":"linux","url":"linux.html","level":1,"parentId":"4a6e78ad_264137","tabIndex":0},"mac-install":{"id":"mac-install","title":"mac","url":"mac-install.html","level":1,"parentId":"4a6e78ad_264137","tabIndex":1},"docker-install":{"id":"docker-install","title":"docker","url":"docker-install.html","level":1,"parentId":"4a6e78ad_264137","tabIndex":2},"node":{"id":"node","title":"node","url":"node.html","level":1,"parentId":"4a6e78ad_264137","tabIndex":3},"mongodb-install":{"id":"mongodb-install","title":"mongo安装","url":"mongodb-install.html","level":1,"parentId":"4a6e78ad_264137","tabIndex":4},"4a6e78ad_264143":{"id":"4a6e78ad_264143","title":"工具","level":0,"pages":["Idea","Nginx","Tomcat","Git","maven","Rabbitmq"],"tabIndex":14},"Idea":{"id":"Idea","title":"idea","url":"idea.html","level":1,"parentId":"4a6e78ad_264143","tabIndex":0},"Nginx":{"id":"Nginx","title":"Nginx","url":"nginx.html","level":1,"parentId":"4a6e78ad_264143","tabIndex":1},"Tomcat":{"id":"Tomcat","title":"tomcat","url":"tomcat.html","level":1,"parentId":"4a6e78ad_264143","tabIndex":2},"Git":{"id":"Git","title":"git","url":"git.html","level":1,"parentId":"4a6e78ad_264143","tabIndex":3},"maven":{"id":"maven","title":"maven","url":"maven.html","level":1,"parentId":"4a6e78ad_264143","tabIndex":4},"Rabbitmq":{"id":"Rabbitmq","title":"rabbitmq","url":"rabbitmq.html","level":1,"parentId":"4a6e78ad_264143","tabIndex":5},"4a6e78ad_264150":{"id":"4a6e78ad_264150","title":"面试","level":0,"pages":["hr","Interview-skills","Java-exercise"],"tabIndex":15},"hr":{"id":"hr","title":"人事","url":"hr.html","level":1,"parentId":"4a6e78ad_264150","tabIndex":0},"Interview-skills":{"id":"Interview-skills","title":"面试技巧","url":"interview-skills.html","level":1,"parentId":"4a6e78ad_264150","tabIndex":1},"Java-exercise":{"id":"Java-exercise","title":"填空题","url":"java-exercise.html","level":1,"parentId":"4a6e78ad_264150","tabIndex":2}}},"topLevelIds":["Home-page","4a6e78ad_264042","4a6e78ad_264053","4a6e78ad_264069","4a6e78ad_264088","4a6e78ad_264094","4a6e78ad_264099","4a6e78ad_264108","4a6e78ad_264113","4a6e78ad_264117","4a6e78ad_264125","4a6e78ad_264128","4a6e78ad_264130","4a6e78ad_264137","4a6e78ad_264143","4a6e78ad_264150"]}